">))D)|٠@|٠@)Ŀ(08'6Y+$+,$1bA?3?BzW@So7ʸg8",5<R=`PO:=d|`Ap2O?RUB,S@
To7Jg
9,<R->`мO:@>d|p
_A2?mBF@'TO9˭9@7}v@1<=}L>+>K]0]A(1?a`~B'T;@8DTo7ʹg9,5=R>`PO:>d|vV[A?0?{Bܐ@`TK9@:N}@?س@#zE)=Kb=&*>H>MG|YA2U/{?pojyBDU~@}T9-:2i@,"@l1""=Ƈ=}L?+?K]4WAck.F?NvBG@YT059J:T@09@;*:==&h=?3(?lRUA-?.ttBbV@To7Jg"
:,"=R-?`нO:@?d|pSAė,?",U/D2K:yx:呟x@EoO@:׽=>=jl?,ς?uMAs),;8@o@
"=Z"">s?_8Ϭ?'׾CA6%S?o]Buqr,@UR:|;'i@Of@}ph^=(,>C?2CO?GeAAL$?WfNZBꍷ¸Z@U::""X&;W@s]@D_!-=z5>گ?{N?l>A""}9?-WB^\|@V:3;u#ɘ@۝T@"
N*=)?>q?FXO?m<Ap!S?(,"TBƳ`^y@,V",*:naA;@-K@<3Y=הI>?c?,l9A,l?&_PBG4`v@PVe6G:N;ú)@hB@+<y=cS>?}nO?+,Sv7A;?;MBbs@tVFm;vL`;vI@C7@0DO,a?1Ab2?WzFB۫l@Vh;;䜿@~@VS#},>:k>?Nk?4H.Ad?
",CBé·i@Vy$;;|@7/k@y[",,>*s>?fg@!|+AfS^?qe?B(tf@*#WKj0/;*;ASw@ߛ#@;c,">z>|?D،E@:&)Ah~?,",<B\5c@8OWꍻ9;k;q
"er@@fjT>O>?"""
@Aq+0&AjB,7?gw8B|_@F{W
k0D;$;8m@@@rʜ>6>w@
h@J@Ńz>A>v@ަ@5Ig,"An?S1BL5yY@aWkNY;r/;0b@y@:#,#>k>v"
"@띾qc@M;}ApU|?3*-B,5N:V@oW)쯻ݢd;p;2皿]@Q@t'>>3u@0",@K@ArR?T0*B`hR@}+X˹p;;͓W@|׺@=t*>o>`@8@DA5~?ǩ&B'ؕO@]XZĻ|;;;Q@'@v->>
"@ƨi""@MHCA(?1","(#BBL@Xλᲄ;,;o♿K@7w@Ꮎ60>Q>@߫%@LA]?",B^H@Xxٻc;>;VE@טǎ@2>~>^(@(@&O6A̆?,"&BKy++E@X%;P;1+?@w@Oi5>.>B@+@S,^",A~<b?'2
BGA@1Yg_;Q<aؘ8@,fq@e@v8>Q>[!@*-/@4WWz,An,=?
%B¯b9>@fY%阝;<2@)b@96;>>]u$@C^2@[ǬA^,??
,Bʍ~:@YAkң;G,"<',@EXT@=><>'@\o5@C^AO"
?2,.#B8G7@Y!,;<SΗ}&@bVE@*ĵ@>Q>*@u_8@ʞbc,Ϻ?W,=
Bt¶3@Z=i,oE;=<uR,@6@auC>>\-@O;@QafaE@/i?,"L!BU0@;Z%;<@2#'@;pE>,ڭ>`0@=>ľ?>@Ui@D?4","MBQwQ,@uZ>uf;#<~@Ǖ@ɪ1F>>2@Ԙƾ-@@k@]E?",w,@\@:X+H>M>b4@jȾB@m@,?;,AAy%@GZo$2;/<Dꕿ@򔿢@毾SI>>7@,D@Ep@q?7,A^!@3[*b;m5<',@:w@auJ>>7N9@;G@rd@hQWֱ?r,[A/@r[0,;QM;<
"""@gL@uDL>~>;@,о:I@t=e@:?",,;
"A""t~a@[غ6M;,A<2@!@M>2>",=@]Ҿ]K@5wK@'?;AՎ{1@C[<^;,G<YF@F@!N>ll>v
;YL<Z@ے˥@(]P>⥷>;B@׾O@{@˶g?5A<uњ@o\Ii;R<n@q@B>Q>Y߸>JwD@mپQ@%~@$_̩?y?Ar¡,@\eO,"f;?X<,*+@+@%R>Y>YF@۾}S@t@?g_AcpD@T\QVc",?}A6mn­@=]\u<`,d<S@!c@+sž>S>l>AI@U@󀿕@1k??AAvly,"A""j?V]aKj{8"
<o<{k@?A@]ɾ!S>ǀ>:(L@Y?X@*Ǳ@,?^qؙ,"<9u<r@Ώ1@R˾_,T>"
>ϛM@onpY@wG2@ؒ,@^H,"@""H;{T>>dO@",Z@ל@],@'Ӿ[iU>x2>%jS@UK2^@|ܚ@v}ϕ?(f-A^?[_d%{<ʈ<y@֙@HԾ{U>>\T@_@˄]@K[!?эA]s?:_f!<SB<.6~@8'Y@W־8U>>[U@Bn_@ζ,"@>?3""Ak[a"
?9`Α%<﹍<yu@@޿׾T>I,>VV@_@ٻ@@,<,XWޟ?ak랼_2<\<YR@%ꊿx@
cݾS>>>HY@,>SA[Uǐ?0Eb:9<<{,"A@cW@4?R>3N>A|Z@Qa@""`g@d[?VhHAS<?xbjR<<.<",Q8@LF@kkQ>՝>7[@@b@Q,R,_@ߚ{?/=ARα?bM˛?<JJ<9/@;,'6@u⾃YQ>Ӛ>[@
<b@K؃pV@~v?2AYQ¤Wt?Nc-B<<-$@D&@Y㾜P>~>[@,Va@3M@wUq?}2>(AeQHoe?c´E<,<@?a@>侵O>,>2[@ؕEa@aE@pk?\u7APV?d9})I<kX<@N6@χ~@#N>)>T[@I`@ꁿ,"=@j3f?:\""APG?}d7TYL<<ވ@_@tN>-F>v[@N`@wF4@cKf`?A[%P68?d򿼶O<,<jo@@VEM>b>[@.<_@,@\[?=Q",@O)?GeXüR<f<3@]@9tL>z>[@KW_@#@U}KU?ր@OO?e,hǼzU<<@8@3K>7q>[@g/^@0~0@OO?@N#,"?f""˼Y<MŮ<*!@@LJ>pg>[@`^@Fi}!@H0aJ?4@\zN)>vfwμ?F\<t<1@.-@~eJ>]>!\@!""]@\",|+B
@AHD?rI@NX>fҼ=q_<
">Agcּ""yb<r<օܺ@U@y5H>MC>&>[@v'"
\@Rx?8?qv|@M~>sg,?,2?8S@N>5)hݼh<%V<[f@΂fl@GF>$>Y@.xY@ns!I?S
"u,?p.+@DNNN>hѐk<ǳ<@<",^@6
QE>8>FY@֭2/X@I#q8?,d8&?dfJ@N°>i.弶n<9<'@O@;ZD>>hX@j62V@$nP?,C?p!?N.=zi>V鼚q<<6{@FVA@lcC>j=W@':yU@Xlh?Wj,"""?N^C?-N=<iM","t<P<1P{n@܁2@VlB>f=fV@=UT@i1?U?p>O,˼kj]dw<<g䂿a@r$@uA>`c=IV@A",S@g-z??C,?>lsKOijlIz<,G@w~@>_=ѓU@^ENQ@)e]KY?[*?ouO~OΓ,Sk{~.}<r<,KH@џ@lv.?>V`=T@I{P@kb7?,>XF>,=Q2뛾]l~5<<߀@@ﾻ<>QTyP@XAJ@,"@Xq>z>-XcQQmL<C/<{@H~|@;>O@Q5^.H@TLQ>U>(X΄""WR","Yn抇<<,f@J|C@vG7:>?L@$hD@MT=᭯>DPUSX",n0q,<<<~@f|'@uT9>|ýJ@nA@;:Jߘ8>S1ST`oS,n<<}s@P{,"@q8>f%I@Ns?@ƸF#ma>aT8""oQ6",N<<q,}X@z@`ӎ7>,BG@`xM=@Q7C(߾E3>o/#U§09gpR<J<C|=@yӎ@&B6>#7F@},;@ݵ?Bg)r>}ZyPV!>p^<Q<{{)@0yU@׹6>,@D@~S8@:;_0U>|%7WvK\}qk1<H<z~@ޏx+|@W$V`5>\A@dх,#6@,&X²*Yr<<+zj@,ws@؎4>(y?@IO.L3@s2{o,"4>Ŀ,YfHrt<N<yyoU@<Nwi@X4>*pl=@/͌Pu0@j-ᄇ%G!=+0""Z+%t:s;KK<c<x@@lv`@c뾗y3>?陾5;@Kq-@[(K""s=3%Z3р5s!z<<,xI,@",vW@YX2>Ub98@ȓ*@5$#=#7.[ҏctpL<K,"<Odw@kuZN@852>k۶W6@F'@Bٶ$=_E;x6\pN""t","z<~<rv""@t0E@[ْ1>Tžt4@Ě%@",uޙ<܈<,"龙0>ӾU2@BB""@)fgֿa'!-B\G^¬˛!v@|!C<H;<Nu@Xs2@\xZN0>F⾯0@l@.(!IEO_JvB#6<~<t@s,@͏羞/>uWZ-@륿5@[",6&)^@GW,`½,"Xw%i<~q<""",t@zr&@P/>'o*@Fsw@J2*,T߽Kz^ya$w&b<d<)sÌ@,ru!@9g/>;,'@@l,"),^UTebmx6(<W</rr@q@侵",/>Ƙ$@HY@,X-f-`lQc򕼿LyPK*,"Z,",@R뾀>.,ELj-tdYÿyj,",3<=<=qM>@p@\.>D&e@˵j<"
@߾D,@M.>/5@@rԾ'0,@+o@ȍྀ.>8@NmĿ@9Gɾx.2
p{iՄgֿ{S1ʝ<<Qp@!oC,?5B35ߣnmhݿT|3<,<Wo@en@4޾z->J@$Ϳ?ŔUJ=q4aNٞi\3}T4]<j3;So@En@gOݾ#x->6T@O,ҿ?Kܥ,"@,7׿R?2tK66Ӿsqky:""~83!<};@$nu@Zm@Iھ,->;i@"
cܿ'?,<QI7%E:bpVl݅\9<,r;7mT@#RmU@9پ0->|tW>@Ῑ?,2^;<w#;-Dm4@,nRhi=<F<dv:$lA@l@־9.>݄r??Ef:,f3/oŀ>꧲<8dl{@{^l@,"$վ=2.>-n?n?i*lf;ۿIo¶""P@",<Pyk@D,l^@~ӾBQ.>c}Ci?\>(,{fpg
(AEk<xk@,k,@jҾFp.>$͔hd?:jˑ?,nGz=!ta1q%V݁GC̶<hk)@jk@_ѾJ.>_?,K,"@;$a/>ܥ,?l-s?㟆@i?:""nt¦y""9H",<kX,*j@j@6̾./>嫿$?TA؇?,A3BwfYtmcIw<0$iM@j_@ʾ9]0>ﱿ,F?<,z|?<\NTBJIDVu[ՃAKG<i@[i@ƴj
"@ȾC0><wg?$Di?Z=u=(CS""&u/u¶",=L
O<[Si@j,V?9=xCF[x
v#&JNκ<{w,iey@tj`@pžX1>
ĿT?&B?]=o.D[c,˸Qwj&~,"gO&<""hQ@Tj",@þcU2>ʿˡ?۩O/?^>MeΦE%k#5,Fw)vuRQT<F_|h(@4j,@bC¾m2>п1?Úwm?m8>[n{F,txJ,"""ۢx-n݅R<"
4h|,?3V>QPGM|_,NKyy0eEITq<g@,j{@2ؾ3>.rܿE?,1>v>HPw,Y'y©#3U!<Ƽg@#j@q4>9㿲?.#>}>HӐ,".z¥-6&(W,i<kؼ[gZs@|9j'@5>C>r?')>~>V",?5I.,,z 79wbX7<E$gB@Oj0@9.sT6>NR%b?P*`KU>Ю>hIaJ,zA<^VYBa<g3@?fj,:@J7>XQ?-fC,fB{K?D[M<|]mg,@|j0C@gv7>c@?,"0,=>]JZ",*e{UB+{\XY<i^Pg,,@jTL@@8>7M0?4<2'!>
K}!{_Ej]b<V_I3gx,"@cjyU@x9><i}?=7<>z$L,ş8+!JV|iH݉6_mQ<C`""gO",@Ŀj^@M:>AV?sy:S+?e9L_D!tʲ|sKQF`x<0a+fQ,@&jg@Gڭz;>F,_>=?rC
"?tcPM/^!70}~}NŊa`P<""5f",@-,@Qk@۩A<>o|>xD/A?Ļ)N!H3,"\},TaJdq<ZKigx",@Ѣk@Χ=>,{F>G(&?N﴿s!3g}±W@~eC<Vg?,@#k1@G>>A,p>bK#%>y/?:
"N2H!s}5Z""f</bg",@uElK@
@?>Bn->N)<8?׼/Ov,""""
"}º](Cg#<smN,g","@ǖlf@Φ@>!5=LR/S;B?tOK.""V}?`jčFi&<Kx9g:","@l@A>z$g#=U5jjK?nOwſR""}cELjD<FgY",@k9m@U?,@m@D>+\,,"^?J[Pςοs""[}i1Hl",f<
@m@qE>M0/l,"`4\g?PҿH""zA}Qltɏm<c$wgu"
@[;nS,@^
"F>Ŀ2B`cR,p?9r/Q","׿""""Ҷ}^oN-nE<yvgh"
@n,@7(G>j6o=gP̺z?'MQYۿ#Y2y}G,s|ސoJ<'g&
"@[o:6@QFH>:=,j㻿6S?ҘjQ߿O#=;}0vn"
pO<h`,@oK@琾,eI>=,"ξf{n*,ȿI?Qf#d|5yLyqԙ<\Nh",@1|p!a@忎+J>kAI2rtԿ>?lGQC<#U|K|sYA<*;h],@g,qv@/LK>ETu࿦4?8!Q#1|`,V
t<hJ,@q,"@ypnL>HWypv*?Q""$gE|j;uc<½h@,r}@HM>wlL""{&|MF",?&fQ.W$,!N>kPB6J%?R|$'{TQTє,wm<$cнZi4S@=Msd@WP>`S,F[,"?k,:R1i$N"
9{H܅a,#x<2S׽is@s@'Ё8Q>+oWU,?آRR,"$""3G{hFxiH<S߽i5@t@>6}\R>*[crȅ)1?GP>R9G%\zD啖yH<ROIjv@Cu@.zbS>^B<r٥[?)Rf%Qz7z'<Rｖj*@\v6@bvGT>boC@E""?$R\%my¶,ٗ{<Rjz@/wR@q+U>",]fh`)?w,3&
",[yoÍX{2f|C<^R%Xk<@exn@",>`/F?Q,&Dx(Z*m@}b,l@ѧy@d3Y>wq؜|<.?*QF'fw`~A=,fl@zz@O`WZ>JuC֒
CX?N>Qsm'$owR=ڨBlCa@=M{$@[{[>hyF#Iނ?QcQ'+v,nT,=Ũm@|4@{W\>|H&P?+eńQc
(eyvK@Fi=Asm@8}@,"S]>>UvvpV?FQ}}(uK_yHT=l\ni@Q~@@/N^>\]*?Z=Q8(cj%uҞW>=@s!Fn)@\jc@m,J+_>xĿAdi?yPzm[d)B{tYHhEo)=",&0o5@AP@E`>P؅ʿ'Opk?3Pע)#&s=*}oAg@̀@LACb>'X-ѿ,"Hrm?""JP4!9K*R&sgԟ[==/oM@bZ@&<&c>[׿",yN&?-,P,$*|rDy+,=3ppY@恿@dm8Z=d>qوݿף-2@RNiOB&2+IquA
=co8pee@0sl@3Se>Oh,@OLx(+y(q?E^R,"=6=dqq@34@/rjf>-[鿠Ԇzq@OO*,",Q~pA_,=
Aq}@V@+g>_,!A,"@iO,d,?m)o",ce,=ForZ@L9@&~h>n`JYp؍,@N$/'.-,oج/6=Ks,,"M5$/""+l[n=~[t?9%@+1jl>@\N@i0M`28]/k2gt6rc=6`Suu?eN@2em>&e9@Lu:s0!k5VvX=eu9?ax@9S",_n>u,+@q3,oL#<x1>IjI7L=,k{vy?;i@@Zo>Ɵ~,":̸'@=ML>1m[~iµMҩGA=-=pw?ĉ@G}Up>""",ȴĪtW,@,"zK?Aj2@xYhӷ|55=luw?v4@BPPq>xuRVbf""@aLKHC!3/gbnd$1={",#.r>Ct섾-Jh%@v_JE3od,"gzfSlK.=hxY?&R@u콮s>:ls'@T@\J2H=4`{#.fe>/r+=CJy,?с@N9s>|ۨS߹N*@1!I[J5RiNeqP)ᆽ(=+Az;?Ѝ|@E۽Įt>M:,@",fIL6CWodG;,%=,"2zJ?f'@ӽOu>sμ&""l4/@1H&BOH74E^c&",?7@dʽYv>>u,Yj1@XoHQ8%3b;>_,=ώJ;|i:?[}@@~e/w>
FCC4@GS9!afֱ5=A|xg?3(p@x>ֱ!3m6@yGWQVR:`Ų[=c}?,ӟ@Ny{x>e)#a,9@aeFX,=,"t4~?{咿~@էy>7n@%t;@?FF""[h<4_I旴:!=愚~?ړ@TZiz>",0k'׊ߺ=@QExx]=ŻN^»,":""=xy?ݔ(8@W喽{>D(jmx?@mE_>Ŗf]}s>",;!#=,֠+J?+ᕿkm@uο{>f*OO%B@|Dub,M@g~\>%i4;%$=,/?r䖿@Tk|>fs+2JID@WuQD_dA9[%ƸH;)%=0't〿H?痿@-{A}>`#,b-$pDyF@mCqg&B#
`ZDչ\;-&=O\?b?똿6,@Nj{}>6.ިH@f5CiSDC۵>Yc<p<1'=TxDQ|?JzB@oYl~>,":]0KwJ@]^BGnl@EcXC<5(=砰,?񚿾w@H>Y1޼TM@",WBnG}WB<9)=yɳSԯ?@7(>iX3r7O@PAjq[ZHN,WƿRn==*=,"?!E@&17>4,DgQ@cH@.sI%V굈D+=@",?G@1ɀ>6`~E-YS@Mh@Dv^ZK=U$^F,"3M,=",o?GS@>27;uU@z?b6yCM7>VTr/RV-==ЃC?x@꼿
h[Z@,,\@f=kTTŷPmz1=ξ,U<?M@t@VdN,@>9xP=_</_@>3<X>N
3=Өվt?@ە>sJY>@;3u]a@f;
Z,?@5d@b:Sˈi^TK5LFFL̎s6=N??L@S;R#>1$@0Ʃe@s9IEaWHUK,!py7=Gb,?ꬿ@7<,O>7i:A4Wf@y$9?WCd[,TvJ¤,"NM9=Znm2?QN@<>AgB<9I""zh@0%o7+Fic]H%}\9:='",шD?3p@,j@F7!-llfLGf,_'k@64%oj,fF¦ved(<=hfi?糿@,<)>QkD)-1l@Auk6,!qnΚFH>={?M,A@,"=iU>VoE-1t,Gm@:h5#tqp9E(=",Kㇽd?=,d?}@,=#>\F.P^n@4NwuPYDh
rǇ@=,"iNx.A=Oc/Ax?sι@ʓ==>Fx^4<o@Y/0,җ_}#)","""u9=B=Y?o3",@7M=܄>PDLG]o7gXo@5&b;,i°zKKC=;?p,@C\=5>G,CS:so@2,"pK:3a""ZD=mbx?t",@
ZȌ5?RC,"@""|=,>NNH_",
"@,o@24r`^",)Ig*φ;xF=֋,.?'!@<==G>e!H,5
JOI>G=Ք?ÿc!@=a>UH
`EZo@6>,!7K*w!W7$|H=?yl?!6ſ!@=|>vOI޼,Ho@]u\ǛiU,z}S|I=oPa)?:ƿ!@X=D>#I,Kp@,C*{RwvN,!O132,,"兽oK=e9?XVʿ]V""@g6=s>;yJP"
"o@q@Jq!O1;\):L=cJ?I)̿""@"
"=|>i;ҏ6USo@mѭ$!O1!a2e#M=y`v+)?:Ϳ""@ۿ=&v>?$Udo@icʾ!O1!$;%oM=]t?,Ͽ"
"#@P=Ƈo>ǓfJ,,3X)%o@{etX!O10q&E儽N=Z[RΔD?ѿG#@=eh>4U3AZ3n@[aؕ!O1((ONhO=X",,"?uӿE#@S=[b>$<:U]=n@<]<!!O1+WeS3P=;V""%]W?",P^d[m@PDZ!O11à,R=N(H<?ڿqs$@x(=,H>y93WW:fzm@НgA\cF!O14'XS=K*?ܿ$@,"S=^I,NW?0޿$@C>Eo;>7T1k1i@EemB!O1GA;Z.T=F.k?Z%@Û>""5>gSgmNg@"
DtT=1D0ϲ?7P%@>.>,djRaole@dsp=!O1zM,N(CU=A2S@4?h%@rK
>(>p1/Qqc@v7c?ܨ{!O1jT%X܁U=?4d?濙%@J,">:"">T}Ota@1Vb",")L9!O1Y[ZjbnYV=l<6᣿'?%@"">T>S","NN><v_@ta뿧v!O1I`SlD2V=98'2b?/,&@R>$>Ŗ""~Mqx]@`3ì4!O19fd=vnW=?7:ÂǪ?Y.d&@Ѫ>R>A6c$BLѦz[@b_qdW!O1)*m&W=4<_ӧr,?_&@>",>/&K|Y@^=0]0!O1os8RcMX=1>>q?%>&@Ѩ>Σ>{y~'ۿIRYV@\]!O1U]%
"X=t.@/o*?,&@N>=s(wHɵR@[ٓݿw!O1*",",?X=Z+Bn?h_$'@",>ſ=l*,0GB,O@sZ'ۿEF,R'@H,">=:fk+%E[tmK@Xuؿ*!O1009}Y=%%Fh쮿l?'@pA#>7=_,=DJG@WֿcX",!O1ϟ?µ&}Y=,"""HWk&?L'@%>t=cY~",.VXCv҅,%D@Vӿ-!O1fmAF¨s|JCZ=J8ñj?)x'@(>=RwX/nB,@@T_ѿϺ!O1,5L{Z=L.i$?G.
(@3+>*=Lp0@DI<@-SοNr.!O1ZQS,{Z=N,"g?G68(@->>(=""Fi1?89@Q̿ˡ#!O1SH~YZz>>[=Pqf""?`f(@70>Rd=?bE38>w5@",DPHɿg)!O1a`,ǿ}z34!O1NO;lNx[=;,TP?E(@;7>I=#5϶;P)@>L?Ŀ:y?!O1EMxw[=Vyx?,"(@Yj;>=5Dv:ڙ\#@j3J¿^J!O1=bvS\=X?,t(@w?>=o659@C(HΣV!O1"
:#vB\=n,",է@F^>XKa!O1&Juv\=*[%c?ؓ",H)@qF>Q=Wh86'u@D~,,l!O1Liqtr\=]lL?}
<)@J>s=A9t5AO,@BAw!O1N%s\=_?!,[)@M>;f=?:34[@?~yu1!O1tr1]=^aufÿN}?.,y)@,yQ>QZ=,:2uP?=)B2!O1/'/qC]=c;Ŀ?kb)@+&U>ӵM=';r1,?\;=toRՌ!O1.
J<~0(?w+9mЭ,"!O1O2Ӑºo]=gǿr?xV)@``>%T=cz<M/ә??6""#",4&!O15?n^=ivoɿ#?{;)@*f>,WY=^I=,.[t?S3uDP!O1>8ªmOC^=k,"ʿԆ?~o)@l>^=Bq=,,ϩ?g0ȥژm!O1;Pl^=mx̿?)@zr>c=&=9+|*?,|-@a!O1,>rk^=orͿ6?)@rx>h="
&7>E*(2p?Z*m@ʡ!O1A´\jT_=!qϿ?c)@Pj~>n=ƙ>RX)Ic?'3!O1DYFiF_=sѿΘ?)@,"1>Qs=6e>^'(\av>?$]|!O1G!1h_=$uoҿI?-)@,>!x=Z_?j&x,?!fd<!O1",J1JgZ_=wԿ}?A)@(>%}=}?w%>ǸLo!O1M&`e9$`=yܑտw{?,")@R[>?:=YK?o$Im>rʒ>]!O1ؗL­~d3`=`{,׿","y?I)@>B}=5?]m#Z\=$65q!O1|I6q%c,`=}}ؿv?-)@>D=Q?JB""ݛR4v|Wÿ!O1eaFta%ea=wڿ|-t?|",r)@D>F=\Q?8!(ݣbu6,"坉k>!O1,FCWr`a=Kۿhq?!:y)@i>IF=j>&rԾ+",\%!!O1*@:8,_;b=oݿTQo?:#c)@.>K=Ѳ>_<2,S!O1=]b=޿@l?vj$L)@->N̶=9^Vx>,/DXqw2!O19,c=f-uj?%6)@{>P=,"B>jP,!qsfzN!O1H69¤",[|c=Śbh?'\,)@ɥ>SR=,>?#,"Jttj!O13Ǐ,Yc=#e?*X($"
)@E>U=n`[=dvῗn.!O1բ0ª;Xvd=?,"俋Ec?)<(@>Kd=c=""ۤֿg'B>!O1$_½V@#e='xZa?F*Ʊ(@><=D;Pѿ@ʿ_?{!O1i2*Ue=hY)^?~,P(@A>W=0r:4y۾VX#@",!O1uIrS|f=W\??-L(@>v
ŦI倕@%!O1,(pP:g=7뿕X?%/'@>uO,>cg7+
#0xA\@!O1Z٩Nh='dU?]0y'@佻>>+)D6ѝ,[98@nA!O1TE,QM/i=f3S?2'@\>'>0?W,5\+<92R,>R3P{y#65m*GxA@]!O12hYÒ3J4j=c8O?4'@ޚ>
"UH""<f$A)!O1",AJJ;F1AZ!O1R@(*G#l=<{J?6&@v,>?>Z<.,7#Rq,"""9AĤ!O1%@g*[Em=s@H?q7T&@VW>/M>_"
{+
-RpZb
"@AA!O1@,ß(D/o=@\F?Z8&@6>X[>cP(._","#bzԾ:BHA8!O1̊@)/B_mp=JD?C9F%@>i>h%oj^/ҵPA!O1!@W1&'Aq=ۓ}{B?,:s%@:>w>m7#߄(reOXbpXAn!O1s@3i?r=",,R@?;9%@ֆ>>r<v,zdƽhҾ*`AY!O1&G@.N6í%>&t=v>?;$@ҿ>>w1Lyz'CD<,<¾gAC`!O1Q5|@8<Ydu=,D-,ۜ<?<$@>>|rrq=B=oA.!O1Vu@;4$;v==:?=$e$@wj>'>(x35k7b>WZwA!O1[o@pr=d9/x=їCU8?>1$@N>џ>h$Zx,[SY,"?,CA!O1Z7d?ÅH5}=Wę˂",#@>V>aT#
f,QK
E?,nA}!O1HHm?Ï3N=zj,"=<hx/?&A8z""@,>r>iF2;;","6?o0A[*!O15?å0o=-?&B'""@M>g>D613h+k?MnЂAJ[!O1~@ðt/߂=\M+?B!@>\>iqB&+ڕ?<A:!O1E(@ú-7ك=e)?GTC!@}'>P>,d#M",@D>w>>6I41_Gµ?(>%A<!O1q@b)5=ʞy9$?ZD|,@'>,o<?-f>VA@!O1&vJ@(ӊ=M}#96#?E,@d>?su2HFk.\@&>)Ad!O1ZˏR,@&&,=џg9!?!pE@>,?,(KQm@m>qAJ!O1,p-?È,%?5=?T9,?Eg@ݽ>O?,[b@>蹆A!O1,?#v=mנ9q?F~,@\>?7wfVqni(@7>A!O1pU?L,"""ߍ=Z38?LmFW@V>?͎8˩aqKF.QR3@7?IJAY!O1""^?î",4=ݡw8C?F0S@>?,d|@;>@v?yA!O1>=`8?G
@6>b?)Ɔ4$I@$$?ڇA,?!O1w>rNߑ=&䢿8?wjG@,ս>&y$?G}mx)+m,"T@84?""Ahc!O18LSa>x>=cB=b?","G=@>t(?T1L)]^@)C?EgA!O1F0"">Ý_="
ȣ
H8?,G[@>b-?S|,"s'IAɷki@,W?Ad!O1/=ÿ=3,RH?Gt@>1?Dvp]^hx",t@w]j?A!O1Z,=N=\]?Hq@>0?6?5p'GǽKԆ~@}?وAh!O14=,=bh/P?9H@s>ĭ:?x&j013y,I@b_?/,ٖ<X@y^=ּ}?yH@{g>C?`^rGPWB@,?LA1!O1rG<~s=,g,?#H~@r>G?TWNۿMov;քݎ@\(?rAoN!O1U¶;ã,?&H(@i[>hL?HQח)٫\'$dۙ@?Aj!O1¥;`,hn=Q馿Jq
?*H@_>P?<KCf]'@Y?SAr!O1?Z;,b=zM~,?.H>Q@VO>;EU?0ET*ᬤbrt@W?A!O18,,;{,"I'=rԏ?,H@DW>Y?Q@Ʉܿ#@?nA!O1+#S:./0=ݧ;Ġ?+HZv@1_>C]?:K=>r<M@?NA)!O1&%:Õd9=%q?*H@g>Kb?]5"
"?Ֆ'h""@#?/-AC!O1)>:#A=m?(Hw@",o>Lf?b/m?8(sgV@@4?EA],"?tE߾ǽ@*@tA.!O1b1kr9Õ}\=IFD+s?$H""S@Ԇ>ةs?t",@ba8c,@A\!O1F7,"8W{n=֩.S?""H?x@>X|?a;@{Nv<>.q@@rAs!O19:ߥ8aw=B(",H
@>2X?-DT@Wm?@OL@RԊA!O1+=°a8Ã̺=OK>|lH:@>t?z,"o@oa@M?V@/@A!O1?08S,=?~ޙWb>@H@T>?؄@}U{?1@$@vA!O1FA8#=2x>Hˤ@"
>z?e4'@!IVќ?@,*@!A!O1
D'7;=
VI=a,)ץ>G\@/u>?׭ì@u1,"?69@5@x(A!O1;H·u7Òܼq=7/W>$G=@B>?Y@%?q@;@$9A/!O1VQJF7b""ؼ=""f4>aG@U5>?H׿`@bB@@A@IAO!O1gLH72.Լf=ع","ϸ@:@G@zZAo$!O1|N6:м=«,?"
@S@{AJ!O1fR!6HǼ+=,",2>@F@\>n?篿{S@zϿq8@7T@ZY@dAs[!O1NTªp67üu=z#_>OFPZ@u>r?ooAͱC@g@_@Ak!O1U³Z6&Cq'=98>YF@j",,A,O@@{@d@ĢA{!O1:YW½D6庼=^PW>E:S@H?iz?,ܓіA-lhZ@%@}j@tA!O1X.6=fD2>ssE,@&?7~?ڂA1*e@t@*4p@$A̛!O1mdZ6(Z<=C}y>)E#L,@f??)3A
fL,q@/l@u@ȋA!O1[6ʭ=P|>D,@?ԅ?o%Ackm^|@L@={@ՋA!O1o]5l='>D,E,"@??\}+A"";G؃@b,@㫀@4A!O18^5BQ=\@L>MD",@F?q?*<JF1Alo>X@Y,@(@A%!O1z`5ð=,׬𿢒>2D=,@{,?@?ǉ7p8Aj>i*@uAlb@A<!O1j
@1
"??D%>Am8?S@5A@A!O1Kc½59""=2ެ",+h>cGCI
@I,?vi?fDA4}?<@ǉAI1@A|!O1Czd֨5oj=,>B/,@t,"?P?""JAݠ?%@",k>A@{A7!O1e5ٛ]=ݬ4鿨>3B@,?38?pPAt!?@Aя@%A#!O1,f5B͈=ݬ?,{\AO@x@c,]AYr@:Aj?!O13i:5+`~5=6ݬUS2Q?jZAJ@'?M?Lm
A@DA&M!O17bjS5tr>ݬ~]#?@@?ո?&hA&@ֳ@,A@\OAZ!O1kl5%k>ܬg߿q?:@(@=?,?l
oA97@@\,|A$c@YAh!O1l5äar>ܬqݿ?2@|@F?g?WɼuAx[H@4@m1Ah@dAXv!O1bm5tdW>4Ь<ۿ?d?@?!z?1=OzAY@S-@}3Aw@mA!O1o5ALת>ؿ?J?,]@1?A?_J=6AAk@@z@,Ao̠@vA!O1p5DBO,>ңlֿ8,?>\@?Y,?5>/,A!@A!O1?q³6۳7Z
>Կޡ
?OW>@H)??9z>sɅAC@&@:5
Au@ʈAԦ!O1,">pwѿ,",?=z@??߫>A@l@4P
A0ʤ@ϑA!O1,?d=O@,?.`?,>[A@h@b),A@ԚA!O1],A\s@أA!O1,a>4dʿv?q<,AǨ@ݬA!O1u!6(>ǿW?;?$??t?ǷAܴ@@Km,A@ⵌAl!O1zv6T>{ſ?';(?&?~?U%?,"A,ٽ@1@",Aq@羌AW!O1/w6PڻB>v諿¿f?:]?'?8?6?|4A
@@sS{,A$@ǌA!O1<x6LûF>'+?l:?&M)??@H?̛AZ@@<!,A@όA4!O1zy7;,>ُHY#?9ؑ?b*??Y?dA?@@J#l,"AA@،A!O1z©G7ñÔ>cLY?xN9+?,?3?j?A@H\@~$rA@TAO!O1{tw7MzI><7Դ?D8?Q.??|?&AG@APA&Aͫ@A#!O12|>78uL_>"
ⴿ,?08B`?/??z?Q-AK@^rA\(A@Ai.!O1o},"7$%!>ު`2""?۠7e?U1?.?Q?|ŨA@{A%*jAh@A8!O1~8޺",""">P%>/%?7?V3??{?]A",A-Av@,"AN!O1,if8-x&>Y)?>5?",6?)?{<?AjA,"A}/FbAEa@AX!O124899I(>%l+?\5(T?t8?,?R?Ab","A""Af1A0@Ab!O18:0*>c⩿m.?̶4?",n:?]??ÛAAUAE3A^@!Agl!O1
"9ã;,>4xo1?4/?*g<??U?A""AAػ5A@)Au!O1z)I9ة8;->[b(4?Vk3x?J`>?G??CA3ZA&Al7PA@1A!O1ls39",@l;s/>e,ęJ6?2>,?kY@??X?AΑASA:,"A鎢@b9A!O1^=9!;1>ը9?2y?RB???ĔAiA""A;<!A@?AA!O1O[H:;;e3>WSU<?$z1?KD?a;?\?A",AUA%f>8AE@IA4!O1AσRE:V;ޖ5>fN??i0T?DF???EA8#AۈA@P-As}@PAĥ!O12C\:pL;W}7>,⌿A?.0T?=H?`?_?A9p&AALBgdAw@XAS!O1$g:Ë;c9>ǧLVD?/0?7J?|?px@ōAԧ)A5!ADAq@`A!O1+q;<XQ;>~B[HG?.:?GL??c@,"A~,A0$AH3G|A<ҕ@hAL!O1nB;Î2<W=>#м@J?.?.N?",?
@A.A&AIA@<pA/!O1·;L%<]?><Ǧ<~7M?_-?KQ?)?'@<Ay/A\)ALA^@wA!O1逆^;,"4<dA>`kv.P?),/?hgS?E,?g@[Ag"
1A+AIOe<A@A!O1'<rB<OjC>ot&S?V+d?U?a?1@yAU2A-APRaAW@eA!O1dc¬H<ÈP<pE>,"hV?#+?'X?~F?L@AC4Aoq0AUA<c|@A!O1ԇS<FH_<vG>W(IahY?d*j?Z??""@",Z,\?ۥ)G?\?`?'@~A7A&X5AZAW|i@A,"=|<EK>^R]_?(%8?G_??q[,@A",8A7Am]A`@HAc,!O1[(HO=AD<M>8DzKa?5((m?a?z?%1@{A!:A>:AK5`6ArV@,f'9?d?
=Å<ȺQ>ioA/<\g?&>?Bf?,"4pj?5%Bg?i?΢@3@@OA#9ABAjpA?,@OōA,!O1'F",>,"V>TI,Lm?K$GN?1l?q@PE@׬A8AEAnSAe@͍A4!O15,>><0X>J",M$p?a#K5?Zo?@@mJ@_=A[6AHANrA,@ԍA=!O1DhK>|,"<.XZ>?Rr?w#P?,r?@ʊO@A5A4qKA*vAbA?܍AE!O1R"
"k>ù<<\>5!VĪu?8""T?t?@ߧT@o^A4AlaNAAyAW?yAN!O1aK>X<^>*Z",tx?[!Y?w?s@Y@A+3AQQAY}-Am?CAV!O1op>5u<;`>,5^>{?~,]Ѽ?z?`|@^@Ap}2AATA8d,AE?A^!O1~Ȍ>r<b>n,~?Ρb?q}?NK@c@Aa1A2WAħ'A!5s?A{g!O1,>ð<e>,"IP羌i?f?!?<@0i@AE0AO""ZAOAAa3?Ao!O1xP?b<+hg>6վan??@?@xn@",AUx!O1^:¨m><gi>&þ6s?:?R?,@:s@B&A-aA*vA,"/=A!O1""",x?e?L?#
"@1y@4?B/.""AeAAfcA!O1潌Y:===In>r""|?o?҃?p",@D~@؎B{A
ViA4Ǐ>Ab>$An!O1±<=p>qV??Y?{,"@e@}BA""mAnAqe,A˙!O1mA",<;
=[r>y?X?ߴ?,\,"@@!.BdApAcA⢿4A)!O11bm;=+u>N[U`?̦?eM?X<@Q@}BcA׼tA1OA""̿<A!O1ċº:á]=vw>-15?<6@??@,",B2
AƉxA,?gP?q~?@o@,BAV|ASΝ/A#MAA!O1{Hj9T=O,"|>""sս?j(??@@\@l",B
9$!=z~>y?h?_?M@V@ʳ,B@A,"|JA/=!A!O1}(&=ru>UBmQ?,e?g?@gє@B@RwA?ܐ@©9pA!O1Lb$h+=⭁>m<B?`??ٝ@w@?B",@6AL@UXA;i!O1,F50=S>l疿BA=?N?*?@G@ޅBۑ@AI{@
,"*AAb+!O1+5=>9T=F?x͎?nc?et@@B@A""",!@{/)A=!O1«;=5W>=?<,6?,?_@@B˛@drAn0?TAh;!O12x½@=>ߔ$>?r,:??J@x@WB,@(1A:A$@v?!O14k«7E=ȇ>1K>k<?d
"?9_?66@3@BwKo@As'ڿgjؿ?@\@!O1""kt""PJ=",?}?|!@@,A!O1nܲiO=8>֒>?IL|??,@쩪@*BX_)@umAO@&7JA!O1ÿT=j>q.|{>?<}y?ue?@[ê@B@@5ڙARTZ5/@dIA!O1!O1Y=֚>6>?y:2w?ӡ?Z@R@Bp,@
AH,w#,@6A!O1!O1_=ʍ>>k1?7't?@?@Iu@2AB@;A?,:>'H?r5er??5@@Ψ@ە,B?plA5.tfSZer@z[A!O1!O1i=*>Ze>^?2Rp??H@7'@B,">u?l0n?0?@/@,?B`Խ?͋A!jctG?g@!O1!O1t=Њ>E>\?-k??}u@&٦@ԓ",??e+,@2@A?i/ALO]?j>?@!O1!O1}~=>C',?չ?Q'g?Ѥ?W@@JzA&q?(`A4RIDϩg?&)O@!O1!O1܁=>~Q2?Ў?Ld?^??8@,"@#AB?搀APGU(R,?N@!O1!O1<=D>^R??^$c??@+@AU5?8|AE",D<?.?!O1!O1(=k>???U,a?_ȥ?Z@^΢@QA7?èwA%EEi=-%?^?!O1!O1Љ=ے>{m!??6E`??@@,"A:?qsA8F=X,?<*?!O1!O1(x=Ṛ>w`'?7?","e^?@?]z@Ő@LA,=?nAhfbGw>3??!O1!O1=>*E,?Q?ig]??}?7"
"@q@rA??iAwH_+>:?K?!O1!O1pǑ=>ݩ2?k??[??@,S@A{fB?|keAIuQ>A?ӌ?!O1!O1o=.>8??!lZ??)@_4@",3AdE?*`AAJv>I?ZX?!O1!O1=U>Cs1=??}Y?2?Ź@@LAMG?L\A,"K97>.P?#?!O1!O1\=|>׆3C?,?HǩW?jn?I@@A6=J?WA5L>YW?i?!O1!O1","?!O1!O1,=}>aY??Y6R?ܧ?f@@1AB?2EA^L(>zm?S?!O1!O1Ӱ=<>f[]?]?oQ?f?5@j@D;A*?BA_Kwv>p?NJ?!O1!O1{Y=Y>gւ1Va??",Q??@U@xEA?S?A8/JH>at?Iߨ?!O1!O1#=1w>.FiPe??OP??Ԡ@,?!O1!O1rS=T>%Dm?\x?޿rN??s,@@dAl?C5A
dH?O~?9?!O1!O1=Ϭ>?q??ވݿKM??C>,@-@EnA?|2ALMTZ(HI??43?!O1!O1f=>,Ӣt??7ܿvKM?%?i,@T@QwA,?/ArF9GG,"???!O1!O1H=*>Jw?,?IۿL?"
?B,@,@ioA?+_-A:E,??.?!O1!O1=p>}7y?,u?ٿL?֧?,@@%gAV?+At/YD=,"?]?T?!O1!O12="">||??ؿ*BL?ç?bA",@!+@,^A?(A#1XCc??{?!O1!O19=5>c{A??J]׿K??
@e:@JVAg?js&Av,B0?ф?6?!O1!O1d=BI>3z?
@I@ZNA(C?$$A,@j?ˋ?WǓ?!O1!O1=\>yH??Կ8K??[,@X@FA?>!Axv?֤?E?x?!O1!O1*=o>ԶxY??JӿpJ?gw?>,"@2h@=A/@Ac뿎+>???!O1!O1/=>w2?*?ҿJ?Kd?@vw@C5A@9A[Կf<""??9?!O1!O1u=Z>tv",D?s?Kѿ/J?0Q?U=@@K-A,@}AT=;HS?s?_?!O1!O1=>u`j?Ô?,пI?};?@@,%A@AK6:?f?֨?!O1!O1>=<>t5?!?l,ϿI?,?80@G߃@0A@O$Aaį8/?7?7?!O1!O1\=>s,"?l?2Ƈ?!O1!O1=Ⱦ>LrF̉?ޕ?̿I??;@T@xAD@Am5c?9?T?!O1!O1""=Ǽ>q?<?w˿I?Ϧ?@@"
A,!@IAL24A?׉??!O1!O1n@=UϽ>zpb?&?%ʿI?,?>
@eʀ@9A&@nAh;+2?q,"?<r?!O1!O1=׾>o+.?0?ӦɿI?'?@,@@-*@AO",%11c?,C?,Aiо/?x??!O1!O1Q$='>@mč?E?0~ǿI?`d?m@v|@Yr@.g2@f,A5*.e?D?<~?!O1!O1=n>׫l?O?iƿI?|I?D@k{@@6@,"A{,??Y{?!O1!O1",=@RAEO=wh),V?X?Mv?!O1!O1k=>Zi?K?eÿXJ??;:@˂w@U\@
q?!O1!O1=L>g?#?,oJ?ȥ?,,??mo?!O1!O1,x=>fA!??tK?(??s@V̑@G@A>:#,"?=j?""m?!O1!O1@=>",fҀ??x;CK???r@G@ǳJ@,?!,?J?j?!O1!O1;Y,Km
"?+?""h?!O1!O1֧>r>)d??ӛ?ꂽqK?b?Z?2p@xd@)P@i@",:?F,?h,?(Af?!O1!O1p>;>8c???⇼,K?H?*?xn@nO@R@<@R?,?!?.c?!O1!O1D>>Ib?f?2L?0?z?Cm@@:@BwU@|@3`i?!?Gǉ?ga?!O1!O1ۑ>>aa?%?򦺿L??,S?l@*@V@,@z??l?9_?!O1!O1>>xz`,?䑝?L??+?Gk@+Q@X@@sم?=H?\?,]?!O1!O1+>>4_(??ָ%fM???j@
@hY@h@,n?^2?緈?\?!O1!O1x,">>^F&?aw?M?vߤ??Kj@,p?ZZ@",=@?ǜ?r]?BZ?!O1!O1
>>]c2?,?93N?Rˤ?Ӷ?i@?\@a@z?1Q,G,">z>f\>?\?ÙN?/?ŏ?O!h@>?X]@U@',?>?SV?!O1!O1_",">k>""[J?ϟ?6M","?h?/g@?,^@@?p.7>N?%T?!O1!O1Ϭ>\>[V?\B?NfO?玤?A?S>f@b?r_@@U?n>?R?!O1!O1>M>'Zb??f`O?z??Le@",?Ia@A@.?׎B>(?P?!O1!O1F>>>T@Yn?'?~3P?f??W[d@f>b@@~?A,4>>?O?!O1!O1>#>m`X;?1?^P?>Y?^?5c@/8>b@D@?_,>3?$M?!O1!O1>>W??R̰>Q?K?0?b@fb@5@T?}
0;>-?K?!O1!O1*>|>VԒ?߁?FQ?|>?o?2b@n,UFb@@?X,a>4?5kJ?!O1!O1|v>v>U2?6?IR?1?B?za@;c@aR@ͥ?A>?H?!O1!O1h>p>Tm?h?@.R?#??`@.c@@?>4?EPG?!O1!O1U>k>
`@9JLc@o@F?G>,?E?!O1!O1AZ>e>!S?;O?)S??L?lR_@}{Pjc@}@?Q'>4?U5D?!O1!O1->_f>ARmӑ?¤?_T???J^@Öc@܋@?0YN>?ާB?!O1!O1>YK>5aQ?5?۪T?6?e?(]@֥c@;@>k
>XO??3V?q٣?i
?\@Rۿ9c@Rs@@fB6>26?)9>?!O1!O1,>U>N?w?fV?ң??\@VQb@E@@#>~?<?!O1!O1A,""">)>MH??a8W?'̣??҃[@y",@W>ֈ}?
;?!O1!O1k#>>SMv?>g?x̦&W?ţ?({?Z@,P`@@7,@4>|?{S:?!O1!O1,$>m><L]?֧?NmX?ݾ?gK?mZ@*,@G>Hz?9?!O1!O1n&>F>bKE?F?%2Y?8??Y@e,;_@@@>3y?\7?!O1!O1M'>x>OJ-?g?dsY???WY@j%fu^@`@@8&>w?m6?!O1!O16(>L>IY?$?ї8>Z??'?|X@
/ï]@)3@1@w>Ov?=!5?!O1!O1)>,">H?.?ʢZ?I?f?kAX@Q8\@l@F@(~Ƞ>,t?3?!O1!O1/+>>JG咍??~s[??\?ZW@JA|$\@@^[@n>els?2?!O1!O1Y{,>>y>6""G^?m?8\??*?EW@b",IAZ@O@d@Q>Bq?H[1?!O1!O1->E>LF,/>`>uE?~>?Vk]???tV@iV6X@U@Ѵ@>un?/?!O1!O1c]0>>ǟDF??^?,?<?0,V@]{V@X@@忲>l?-?!O1!O11>>C?k?!.,"^?~?`?LU@qd8U@Z@>@iN\>k?-,?!O1!O12>x>}Bt?w?k%g_??9.?h9U@~k'T@]@t","@뽻>pi?f+?!O1!O1m?4>D>YB-?X?쨜>`?_??T@xbrR@`@M""@?ῇ>g?*?!O1!O1Ɗ5>6>4GAg?H?Q替V`?З?5?gT@EyrsQ@c@#@߿#>f?`)?!O1!O16>>q@s?D?#oba?A??S@0P@f@%@޿>zld?=(?!O1!O1w!8>Y>?[??a",b??2d?֕S@N@i@N&@gܿ\D>ab?K'?!O1!O1m9>n>>uÇ?{|?b??+0?=S@[-M@@:'@;ۿ<>}`?&?!O1!O1Ÿ:>.>=4#?`ܮ?G옿lc?!?b?sR@8K@@u(@ڿ>3_?%?!O1!O1{<>>,=?F<?38d???R@~j[I@@Y)@#ٿ>v>]?~$?!O1!O12P=>T>M<?+?zwd?G?Б?OR@,)H@좼@>*@m׿<>/[?#?!O1!O1>>o>{;oB??e?٫?]?,"y|F@U@T#+@ֿA>WFY?U""?!O1!O1?>/>:.?[?(",5f?l?>(?Q@R,]W?,"!?!O1!O1U3A>>9?ۻ?aP5f??v?/aQ@$C@(¹@,@JԿC>sU?-$",?!O1!O1,B>1>,9a??tg???Q@wA@̸@-@rӿV>zS?'?!O1!O1C>hp>)/8i?{?ޓLh?%?䉿?GP@%?@ַ@o.@UҿF>0Q?+?!O1!O1xE>0>2\7(!?۱?
&h?£?U?rP@l2>@d@5/@'9ѿ>O?p.?!O1!O1bF>>6Tv?U6?r3i?ɣ?;?-P@oECa<@@K0@TYп(ӧ>M?H?!O1!O1G>>5
À??Ñkj?]ң?{?UO@=!;:@G@0@7Ͽ=>HK?Us?!O1!O1eH>Q>4??x#k?ۣ??%O@
"28@@,Z1@οQ>_I??!O1!O1GJ>J>4~?k:?be'k??z?uO@ؤ*6@@H1@Kοe>9G??!O1!O18K>>H3YR}??LΒl??=D?8O@!15@I$@eh2@Ϳy>E?D?!O1!O1L>l>w2{??6uJm?]?~",?N@se3@1@2@̿#>B?,?!O1!O1,-N>,>z13z?>?,Xn??ֵ?fN@@l1@?@v3@>̿3>Z@?K?!O1!O1uyO>o>0y?3?,¹n???6N@H/@JM@3@˿C>>?3w?!O1!O1P>8>q0,w??iqo??@i?DN@#,"5@N1ʿc>1S:??!O1!O1_S><>Df.Bt?7?;p?""??CM@i*@r@""v5@_ɿz>z#8?V?!O1!O1T>>-A[s??,iq?.?¯?M@R",,(@x@&5@Hɿ?>5?H?!O1!O1U>h,p,Qs?F?Q?=M@е,%@͂@0H6@Cȿ>\q1??!O1!O1X>,s?R?&?,"M@u3B#@2@56@/ȿE>5/?i?!O1!O1Y>V?c]*;Om??f8t?_??oL@זx!@@:6@ǿSv>,?Z?!O1!O1f/[>j?Ў)9k?tf?@u?k?:?ޫL@8&@@?7@'tǿ>>*?r?!O1!O1|\>?<(7Ij??","u?3w?o?M{L@][@a@D`7@sǿט>ރ(??!O1!O1(]>D?'6h??wv?I?O7?JL@@Ɲ@I7@ƿ>H&?|(?!O1!O1_>e?#'4Cg?O?҅pw?_??,L@[$Q@+@N7@",[ƿg9>,$?,?!O1!O1Ne`>v?,"U&e??1*x?R?Ť?K@k@e@""8@ƿkl>!?Ӷ",?!O1!O1ܳa>?,%5,d?|޸?&x?,?!O1!O1jc>0R?,$vb?F#?,y??Q?vK@P#@)@=P8@#ſm۔>`?_,?!O1!O1Pd>?#`?h?a\z?\Ȥ??uK@,8n@,@g8@ſ>'?!
?!O1!O1e>?!#U_?ڬ?Ƃ?{?
פ?ݟ?SNK@Ū@퇞@}8@0ſnJ>?
"?!O1!O1f>H:?T"";]??n,{??裞?&K@6@Ѐ@8@ſ>~?",?!O1!O1<h>?!|$\?o6?䑁|?f?i?/J@;M@y@8@=hſp>{|?o?!O1!O1.i>?,Z?9{?ZWJ}??/?J@3,"@r@\8@Kſ>yC??!O1!O1j>_""?X??\~???",J@
@vk@/8@K/ſr(>w
?NZ?!O1!O1J(l>o?,@ZW??~?p,?ﻙ?yJ@k1-,@Xd@8@ſ_>t,??!O1!O1#wm>?fSU?G?bT~R|?/??^bJ@}@dZ@8@ſٕ>,??!O1!O1n>?T?`?a5}?3@??F?cAJ@@@F@8@Lſ#ƍ>Bq,?e?!O1!O1p>I?,iR??`|y?P?
?i,J@ԫK@2@8@9ſm>F?j?!O1!O1fq>ސ?`P??_zmր?~a?zϔ?nI@hQ@@8@RUſ&>h?E%?!O1!O1r>?$O?1:?]y3?$r??tI@Z@
@8@pſW>??!O1!O1t>?YkM?v?\xF?ɂ?X?yI@2?@ν8@YſK>,f?[K?g?[w?n?S?I@$
"Q?@˰8@ܧſ>B:>D?!O1!O1Vv>?J??Z{vL???{I@?7ϐ@ȣ8@_ſ>h>?!O1!O18w>&?mH?,?X\u???ZI@Mqh?U@Ŗ8@ſ(>>?!O1!O1Fy>4;?U*F?8i?W=t?^ť?-k?9I@6?s@8@eſrH>;>bd",sKd?-֥?/?!I@dL
?U@y8@ƿ<w>>ъ>!O1!O1|{>G?;_C?ڽ?r?H??H@7x?Xs@{P8@alƿ,?GA?,?q~?b?S?
H@?[T@W'8@ƿļ>V>4>!O1!O1'~>C,?,??D?pz?|,?y?H@(?^5@37@,ǿ߃>X>V,>!O1!O1|>r,?4d6>?y?,?j}<??mJ3?0?V,>>!O1!O1?>
?x:?$?l䏅?B?Ä?pH@mTG?g؆@ǂ7@DǿG>J>܇>!O1!O1>F
?,9?+?k}?T??TH@UQ?j@Y7@Oȿj>>\>!O1!O1i>W
?^
T7?2M?jI?,[?m@07@lȿ>d>1>!O1!O19>
??.5?9?zi?y?,?H@Ze?p{@\7@,?Cu3?@?nhJ?4?,?,?,B2?G?g]?`?V&}?TG@F?4@6@Gɿy>>>!O1!O14>},?,X0?O?f??z?G@?,@_6@6ʿ<w>%>>!O1!O1,ޅ>,?,L.?VA?QeJ?Ħ?.x?G@[<?I}@Q,6@ʿt,v>>K>!O1!O1z>?,?N,",?^o?eo?צ?4u?BG@?jy{@5@b,˿*t>",">>!O1!O10>,",?_
U+?e?dʈ??7s?G@P?)y@5@˿Kr>ح>o>!O1!O1Xڇ>f,?˻,B)?m?4.cJ&?9?ɻp?nG@D,?v@ib5@!̿mp>ϩ>]Y>!O1!O1ǃ>X,?7_}'?t?=b?e?@n?0VG@M?Ήt@#5@|̿Un>iǥ>C>!O1!O16->,?(%?|'?vMa܉?$?]k?=G@?9r@4@0Ϳl>ݾ>.>!O1!O1։>,?_h#?U?]`J8?7?Hi?z%G@-[ָ?o@4@Ϳj>Q>o>!O1!O1>qP,"?{,""??l_?J?f?",G@?1m@4e4@,οh>ŭ>>!O1!O19*>#,?A\,?ͫ?ۑ^?^?#Od?_F@nϋ?>k@4@ˡοf>ʕ>>!O1!O1tԋ>,?/?W?]?G?r?a?F@>,?h@3@P:Ͽd>><>!O1!O1~>,?9;??\??R_?F@my?f@bu3@Ͽb>8>>!O1!O1(>!?r,"?j""?U",\??\?F@F<?,(d@$3@Ykп`>/>>!O1!O1&Ӎ>U?ȩ?I?(1[iT??VZ?F@S,"g?""a@92@ѿ^>Q>h>!O1!O1a}>?A?}q?XZ""?§?W?DF@ݦ?<n_@2@bѿ\>^s>>!O1!O1'>",?Wo??πY?z֧?ZU?vF@,T?U]@32@4ҿZ>**}>/>!O1!O1я>?O,??uWM?a?^P?,?S?sU,Ŏ?:;?H?[F@4]?2Q@~0@@OտM&P>QW>g>!O1!O1G'>*?6`
"?Wu?ܳT?O?]_F?E@z?N@*0@տM>O>,>!O1!O1Uғ>?F<M?ʖ?3St??d?C?E@r,?hL@/@ֿK>",CH>>>!O1!O1b}>S>?V?<?4S̏?x?;^A?E@ː?J@n/@dN׿PI>l@>P>!O1!O1o(>k?g??tR$?E?>?E@j?G@/@׿x,"G>s9>b>!O1!O1}ӕ>{?w?""?9QY|?ǡ?]<?@E@O",?:E@.@'ؿCD>(,2>t>!O1!O1~>?&??P1Ԑ?J?9?mE@y,"?.B@""U.@Mٿ{B>*>>!O1!O1)>?lﾺN>>?5P",",?ʨ?[7?E@o*H?Fp@@=-@ٿ3@><#>>!O1!O1ԗ>8""?'>{_??vOბ?Pߨ?e4?yE@f,H?_",>@Y-@Lڿ=>B>9>!O1!O1@>K?M>,"}?NVڑ??X2?hE@X?e;@4-@(Sۿt;>آ>0>!O1!O1$,>r?S>?N0??/?kXE@`raR?a<9@z,@Aܿ8>"
,">>!O1!O1ؙ>Ι?P0龋>N?xMۅ??IR-?*HE@,|?^6@Ud,@ZܿGS6><s>>!O1!O1ꃚ>?:>?Lے?2?*?7E@w?Zl4@0+@roݿ3>ܶ=)>!O1!O1/>?",b>?*La1?G?K(?'E@],"+@#޿21>@=J>!O1!O1ۛ>>?h3>2?K$?m\?@%?gE@un?S/@++@޿t.>W=k>!O1!O1>c6?j>""?Jܓ?Lq?D#?&E@Z!i?O4-@*@߿,>(=>!O1!O1v3>]?""gᾢ>t>?5J2?,?",?D@%I4]e?L*@[*@?<)>k=y>!O1!O1Yߝ>?߾>Z?ߎIm?,"?8>?D@G`?Hd(@x)@࿠&>ȷ=_>!O1!O1<>ӫ?I޾,>u?H/ޔ?ꯩ?ߺ?bD@ZE\?E%@T)@_$>3=D>!O1!O17>a?Իܾ;E>.?NH2?ĩ?5?D@7TW?#@)@_⿇!>׸=>!O1!O1Q>?H.۾WR>",?G8?٩?L?
D@:WS?(.!@(@>=@>!O1!O1,">?پs_>?1Gٕ??(?vD@!N?_@O>(@U>v=j>!O1!O1=>l1?.ؾl>?7F@-??T?D@3uJ?`@'@ې俽>e="">!O1!O1>R?־y>?Fŀ???OD@ZF?@]'@K$$>iJ=>!O1!O1;>r?ԾȆ>?]EIԖ?.?\",?D@ƆӒA?@&@濋D>,(/=5>!O1!O1C>w?jӾ哸>?D'?C?
"?'vD@20!=?<,@}&@d>=>!O1!O1>&?Ѿ>'?iDR{?",X?c?hD@8?t@P,&@|Z,>[H<H?>!O1!O1j>?nOо>=?CΗ?)m??,?4?^@%@7
">ĺ<i>!O1!O1%J>?ξ:>S?LC[""?2?k{?lMD@w,l/?","@,%@(>@<[>!O1!O1?>M?4;㻨>g?Bt?6?>AD@dl^+?8",@$@a><>!O1!O1Ф>|-?˾>]w?,SBŘ?3?>H6D@q&?31,"@B$@dJ_>8'W;>!O1!O1aR>G?Xʾ>?A?0?>}+D@6,""?/@#@8=H>!O1!O1>a?Ⱦ2>?fA<h?,֪?>",D@?*m@U#@o=,L>!O1!O1>|?ǾL>-?@`?)?>D@?&,"@4""@쿀=kz>!O1!O1[>5?Iužfq>r?z@"
?&,"D@CK5?CR?Rg""@E#!=>!O1!O1>c?þb>?@[?#?n>M",*?Z>C@,X,?1?y!@Hk=x>!O1!O1c>?:D>B?????F>C@Pk?(?!@im+=lu(^4>!O1!O1[>?B5>?֢>O?T?2>C@z?B?ǋ,@%𿳃=qBb>!O1!O13>?f>?4>`?h?>C@X,@@v=[,>!O1!O1m>*?,?@!z񿞜=Y(t>!O1!O1>8>?o>?x=<?W?j>C@X
d>e?@¶=m9_>!O1!O1bʮ>Q?56g>='?=J??Ƚ>žC@c>k?@[=^,">!O1!O1x>e?υX^>1?<ٜ??>C@ʹ>?@Bd=G>!O1!O1,'>%y?{V>)<?^<(?`Ы?吳>5C@>6?l@6=/bu>!O1!O1հ>Ɍ?m1N>F?",>!O1!O1>m?ᲾE>Q?;ŝ??6Y>C@0w>?C@bNՂ=½е>!O1!O1\2>?U=>[?E;{?i?_=>ܗC@\!c>?.*@3=Ͻd>!O1!O1>?~ɯ-5>
>q?wt94??q>wC@N2ey>1?,@,,"""=X8"
>!O1!O1N>0?邦>Ȅ?-96-??CM>sC@,ݑf>њ?(@^W=9B>!O1!O1>?(?1:=?88y??Qv>7oC@UoS>?@7\<p>!O1!O1Y>N5?yk4=t?8:Š?ì?l>jC@9L@>xl?.@hsE,<&/&>!O1!O1>]B?ߡ.=ʑ?Z8<?׬?a>fC@;E*->KՓ?@T<,ͬ>!O1!O1>mO?,T(=,?,8>]??vW>JbC@>>?5@sbbc<Z~&>!O1!O1]g>[?RȞ[=?07??q+M>n^C@?H>?,"@#d=<,)>!O1!O1P>-b?<՜=e?}73?x?B>(^C@=p8?T@/!&;6@1(S>!O1!O1Dǻ>h?P=?p7t;?X%?t8>]C@"
#=Ł?@<m,w:h6]|>!O1!O17w>
"o?:%s=?A7?78?g.>]C@39=z?m@H;>!O1!O1*'>xu?P=k?f7͢?K?#>V]C@""M=lq?:@Tc@Χ>!O1!O1׽>{?",}-=?67?]?
a>]C@-<Fh?Z@`Q0tE>!O1!O1>T?#r
=ċ?6x`?p?\>\C@9&,<_?@mAå+
K0!>!O1!O17>?q<q?P6??>\C@Ew,0W?,G@y#Ѽ2PeJ>!O1!O1>0?j,<?R6??=?\C@P,",N?m@5ZUs>!O1!O1>?","ߐ=<ʄ?""6<<?s?=[C@\"
RGE?3@YZΜ>!O1!O1F>,?YS7޹w?95}?S?F-=[C@gj
:b<?@)_Ƣ>!O1!O1>Λ?TǍx?_5ˤ?ͭ?P=_C@
"3?@;,A",d>!O1!O1%>?O;t7o?58?ޭ?r=cC@
8Q+?(@XNh>!O1!O1X>O?K5ټe?5X??=gC@<,,"`""?@{>pmw>!O1!O1m",>?F#̸[?Ӌ5?A?+qo=kC@#,2$??Kh@o,䃽|q7>!O1!O1>њ?Aw4VR?q5P?}?ӶE=oC@R,;?,@c,'uoT>!O1!O1j>?<,/7XH?,X5+?#?{=sC@,YR<.,?mG,@XVmpezp>!O1!O1X>S?7`{??F>5,r?4?E<wC@U,b)i,@L!1~g>!O1!O1>?2ڏv5?m$5i?/F?<{C@ߛ,9>&,@@-
5?kW?k;C@,d.(>,,"@59D%ჾ_ƚ>!O1!O1C->?P6""?4$E?h?k.C@<(",˖>,@)EʽI>!O1!O1p>^?,|Ž?94ˈ?w?,S-C@_,,ܽ>m
@0ֽ>!O1!O1>f?y׽?4̧?憮?lֽC@V,V7>`,"@Jh>!O1!O1@>n?,jvS?4l?敮?jC@",杝><,@Z!>!O1!O1(>v~?PsS#?4R?椮?2MC@,A\F>!O1!O1e>~w?O7p#$?_4,?泮?\C@;6&Ծz>,@dN>!O1!O1T>p?m5?(4\٨?®?|C@k]Z>r@e{,8֐>!O1!O1>i?rjH?4?Ѯ?}nC@~[@A:>O@,"읒#>!O1!O1>b?f&Z""]?4_??6#C@B>A@}""e,>!O1!O1Zh>[?cFl+Ƅ?4M??Ѐ½C@",Z=@p@T-5>!O1!O1>T?&`e~4.s?N4??j׽C@bB,
"=x@91]"">>!O1!O15>lH?]=Z?4e'?",?RIC@,e.ʹl=o@hf(iO7>!O1!O1|>:?VZF@?4sg??,
D@vGCѹZ*@n4śo,>!O1!O1a>;?JT,Y[,?~4?/?D@ȼQ$^񼏇@ur:,D@?+o@^v@;D,>!O1!O1C>?NDWk?4,5g?H?
?J|tν?5?%T?5:D@u8-.
>?APAo?@5g?fx?FhU-dD@@l5LhPm?P^cYυ>!O1!O1>?`>O?Y5?,?`uD@yreSl,?
d(>!O1!O1n>?g;T+?x53?x?ajvD@-mzZ?b^7Hi沥@>!O1!O1,>?H8,z?5?咯?=uD@ga
C]?,gn<g>!O1!O1>}?*585?5S[?Q?D@bhEb?sǦB>!O1!O1>|h?:,2ɞ?5䗭??*<@D@L]og?X%y)Q;>!O1!O16>S?p.:Z?5tԭ?+?D@X,"wD?@~?ۧ}>!O1!O1>o??+ꧾf{?6??ُqD@R&~kƾ?T꿔Ue{>!O1!O1>*?ݮ({""X?o26M??(",D@kMUӾ?N迬^l慨kZy>!O1!O1%M>b?%h,4?_Q6$?qů?xwE@,"H,ᾯ,?yw>!O1!O14>?Jq""!?Op6Ʈ?ͯ?KƟ:&E@BsA?ܜt>!O1!O1[>?8P"
&þ$?f6r?ܯ?OpE@-S,ro?,࿢\y?m>!O1!O1>?[Ǿc?7?&?z,"BE@\&s?ݿ'+j>!O1!O1?z>5|?$(̾7?sM7S?=?_E@]Û&|?Oۿݨ-)h>!O1!O1y,>`?о"
?z7?S?ϱE@+`3?ٿ:򏨾ڝe>!O1!O1>E?~,)վ?7U?j?žPE@4Lȉ?׿m,~پ?7??%VʾE@l?%^?kտT5`>!O1!O1$C>?,9G+޾?8{ǰ??OϾ
F@J8*?Kӿ]>!O1!O1^>?%~X?18E,"οR""5X>!O1!O1Y>?ё|뾝?8k??ܝ߾%aF@J",۴K:O?¼˿;CqU>!O1!O1,>?A4?8??^XF@F,`Tp>a?cȿ/@R>!O1!O1%>n?:̇?9Lձ??@꾋F@,!ͻGC?ſEpP>!O1!O1Vp>L?әcR?G9,?D?b﾿F@s,"EG,?¿","JJ8M>!O1!O1"">s*?mQ?Ӏ9>?p?F@",¿zBLf?HyPpWJ>!O1!O1>N?Tڽ,b7ƿ(P+?UuG>!O1!O1>)?:ӽi)?9,"??X""G@6","""ɿ=U]?UZQpD>!O1!O19>?!aͽ"
|?+:ܲ??5lBG@4
(ͿY?-#_A>!O1!O1J>?ǽh:XG?d:j??bG@c
п19^|)?12ep>>!O1!O1e>y}?ü`,V?:D??żAG@,,ӿ8b9?찿d혾;>!O1!O1XO>T?$`t,!ҿ?<:t?h?b
bG@c7,׿;e?,PZ8>!O1!O1J>+?,픿?!;?I?,G@,ڿ>h?1ǓB5>!O1!O1<>?禭wW?b;/ճ?*ޯ?G@?ݿAk@>?,띾|4#1>!O1!O1.e>?IJb?o;a?,د?sT!H@>2$Dn|?M2ThX.>!O1!O1,>ܰ?MNݾ?+;5?ѯ?_HH@܅0Gq?CTq+>!O1!O1>?,8?$<e?˯?KpH@zq<JtF?jUTA{+(>!O1!O1{>_?n4#b?e<?ů?6F$H@--H,"Nw8?f""-膾$>!O1!O1,>6?׍",?1{{?<X?q?,eH@U_(T}L?
f?Sl=P??$=I@;,"?Yeu{->!O1!O1>w?""h!#?""={?횯?v'kI@5+S",?r~Ǎ,>!O1!O1)>?B'wZ?{>?'x?sW/(I@GTJ>?v`rTO>!O1!O1>?i+5)]?a>(?l?1&J@<\,T?`?4UJ@0d/|-5`?#LlwiDr,}{-*?
?V?=ն?=?7w<,J@gۅl?є-O`,B!m:1,B!m:1>?ʪϼ4~?P@,??AQK@4,<܄??t
>3y=:!31:!31>b?qj68?@tF?
"?<DmK@YKF\?g²=_3!r-1_3!r-1B>x,?98?^@1l??'FK@Z>݃n?.Lоn64ͽt=,!&1,!&1>1",?ʁ9?A??ckIXK@wih].͟?єO,?ʪOt;f?UA?׮?L/L@8Lx݂劣?t݊>y͈9=:0!3@1:0!3@1,U>,?==,?$Ahݷ?,Ǯ?ܙNCgL@<^?.LPn64Mt,"=,!&1,!&1>\S",?ʪϻ>ڸ?eA%??1QL@,ށpZ?t
>3y<:,30:,30>,?ʪOL@?B(?+?TS.L@{>,^04?t݊>y͈9<:0,3@0:0,3@03,?,4(ZBN?ZBN?;?_V,M@<=
;߀,?
